id,outcome
1235,lived
1236,dead
1237,lived
1238,euthanized
1239,lived
1240,dead
1241,dead
1242,dead
1243,lived
1244,lived
1245,dead
1246,lived
1247,euthanized
1248,euthanized
1249,dead
1250,lived
1251,lived
1252,dead
1253,dead
1254,dead
1255,dead
1256,dead
1257,dead
1258,lived
1259,dead
1260,dead
1261,dead
1262,euthanized
1263,lived
1264,dead
1265,lived
1266,euthanized
1267,dead
1268,lived
1269,lived
1270,dead
1271,dead
1272,lived
1273,dead
1274,euthanized
1275,dead
1276,euthanized
1277,dead
1278,euthanized
1279,dead
1280,lived
1281,dead
1282,lived
1283,lived
1284,dead
1285,dead
1286,lived
1287,dead
1288,dead
1289,dead
1290,lived
1291,euthanized
1292,euthanized
1293,euthanized
1294,dead
1295,dead
1296,dead
1297,dead
1298,dead
1299,dead
1300,lived
1301,euthanized
1302,dead
1303,lived
1304,lived
1305,dead
1306,dead
1307,lived
1308,lived
1309,euthanized
1310,dead
1311,euthanized
1312,dead
1313,dead
1314,dead
1315,dead
1316,euthanized
1317,lived
1318,euthanized
1319,lived
1320,lived
1321,dead
1322,euthanized
1323,euthanized
1324,lived
1325,euthanized
1326,lived
1327,dead
1328,euthanized
1329,lived
1330,euthanized
1331,dead
1332,lived
1333,dead
1334,dead
1335,dead
1336,lived
1337,lived
1338,lived
1339,euthanized
1340,lived
1341,dead
1342,dead
1343,lived
1344,lived
1345,dead
1346,dead
1347,lived
1348,dead
1349,lived
1350,dead
1351,lived
1352,dead
1353,dead
1354,lived
1355,dead
1356,lived
1357,lived
1358,lived
1359,dead
1360,lived
1361,dead
1362,euthanized
1363,lived
1364,lived
1365,lived
1366,lived
1367,lived
1368,lived
1369,dead
1370,lived
1371,lived
1372,euthanized
1373,dead
1374,lived
1375,dead
1376,dead
1377,lived
1378,dead
1379,dead
1380,lived
1381,lived
1382,euthanized
1383,dead
1384,lived
1385,dead
1386,dead
1387,lived
1388,lived
1389,dead
1390,lived
1391,dead
1392,lived
1393,dead
1394,euthanized
1395,lived
1396,dead
1397,lived
1398,dead
1399,dead
1400,dead
1401,dead
1402,lived
1403,euthanized
1404,lived
1405,lived
1406,lived
1407,dead
1408,lived
1409,lived
1410,dead
1411,dead
1412,euthanized
1413,lived
1414,lived
1415,dead
1416,lived
1417,lived
1418,lived
1419,dead
1420,lived
1421,lived
1422,euthanized
1423,lived
1424,lived
1425,lived
1426,lived
1427,lived
1428,dead
1429,lived
1430,dead
1431,dead
1432,lived
1433,dead
1434,dead
1435,dead
1436,euthanized
1437,lived
1438,lived
1439,dead
1440,lived
1441,lived
1442,dead
1443,euthanized
1444,lived
1445,lived
1446,lived
1447,dead
1448,lived
1449,dead
1450,euthanized
1451,lived
1452,lived
1453,euthanized
1454,lived
1455,dead
1456,euthanized
1457,euthanized
1458,dead
1459,dead
1460,lived
1461,dead
1462,lived
1463,dead
1464,lived
1465,lived
1466,lived
1467,dead
1468,lived
1469,euthanized
1470,lived
1471,lived
1472,dead
1473,dead
1474,lived
1475,dead
1476,dead
1477,lived
1478,lived
1479,lived
1480,lived
1481,dead
1482,dead
1483,dead
1484,lived
1485,dead
1486,lived
1487,dead
1488,lived
1489,dead
1490,dead
1491,lived
1492,dead
1493,lived
1494,lived
1495,euthanized
1496,dead
1497,dead
1498,dead
1499,dead
1500,lived
1501,lived
1502,dead
1503,lived
1504,euthanized
1505,lived
1506,dead
1507,euthanized
1508,lived
1509,lived
1510,lived
1511,dead
1512,lived
1513,dead
1514,lived
1515,dead
1516,lived
1517,dead
1518,dead
1519,dead
1520,dead
1521,lived
1522,dead
1523,lived
1524,dead
1525,lived
1526,dead
1527,dead
1528,euthanized
1529,dead
1530,dead
1531,lived
1532,dead
1533,lived
1534,dead
1535,lived
1536,dead
1537,lived
1538,lived
1539,euthanized
1540,lived
1541,euthanized
1542,lived
1543,euthanized
1544,dead
1545,lived
1546,lived
1547,dead
1548,dead
1549,lived
1550,lived
1551,lived
1552,lived
1553,lived
1554,lived
1555,dead
1556,dead
1557,lived
1558,euthanized
1559,lived
1560,dead
1561,dead
1562,lived
1563,dead
1564,dead
1565,lived
1566,lived
1567,lived
1568,dead
1569,dead
1570,dead
1571,dead
1572,dead
1573,lived
1574,lived
1575,lived
1576,lived
1577,dead
1578,lived
1579,lived
1580,lived
1581,lived
1582,dead
1583,lived
1584,lived
1585,dead
1586,euthanized
1587,lived
1588,dead
1589,euthanized
1590,dead
1591,euthanized
1592,lived
1593,dead
1594,dead
1595,dead
1596,dead
1597,dead
1598,dead
1599,lived
1600,dead
1601,dead
1602,lived
1603,lived
1604,lived
1605,lived
1606,lived
1607,lived
1608,dead
1609,lived
1610,dead
1611,euthanized
1612,dead
1613,lived
1614,dead
1615,dead
1616,dead
1617,lived
1618,dead
1619,lived
1620,lived
1621,dead
1622,euthanized
1623,dead
1624,dead
1625,dead
1626,dead
1627,euthanized
1628,euthanized
1629,euthanized
1630,euthanized
1631,lived
1632,lived
1633,lived
1634,dead
1635,euthanized
1636,lived
1637,dead
1638,dead
1639,dead
1640,euthanized
1641,euthanized
1642,lived
1643,dead
1644,lived
1645,lived
1646,euthanized
1647,dead
1648,dead
1649,lived
1650,dead
1651,lived
1652,dead
1653,lived
1654,euthanized
1655,lived
1656,dead
1657,dead
1658,dead
1659,dead
1660,dead
1661,dead
1662,euthanized
1663,lived
1664,lived
1665,lived
1666,euthanized
1667,dead
1668,dead
1669,lived
1670,dead
1671,lived
1672,lived
1673,lived
1674,dead
1675,dead
1676,lived
1677,lived
1678,dead
1679,lived
1680,dead
1681,euthanized
1682,dead
1683,lived
1684,dead
1685,euthanized
1686,euthanized
1687,dead
1688,dead
1689,dead
1690,lived
1691,lived
1692,lived
1693,dead
1694,lived
1695,lived
1696,lived
1697,dead
1698,dead
1699,lived
1700,lived
1701,euthanized
1702,lived
1703,dead
1704,lived
1705,lived
1706,dead
1707,lived
1708,euthanized
1709,lived
1710,dead
1711,lived
1712,lived
1713,lived
1714,euthanized
1715,dead
1716,dead
1717,lived
1718,euthanized
1719,lived
1720,dead
1721,dead
1722,euthanized
1723,dead
1724,dead
1725,dead
1726,dead
1727,lived
1728,lived
1729,lived
1730,dead
1731,dead
1732,euthanized
1733,dead
1734,lived
1735,euthanized
1736,euthanized
1737,euthanized
1738,euthanized
1739,lived
1740,dead
1741,lived
1742,lived
1743,dead
1744,euthanized
1745,dead
1746,dead
1747,lived
1748,euthanized
1749,lived
1750,lived
1751,euthanized
1752,lived
1753,dead
1754,lived
1755,lived
1756,dead
1757,lived
1758,lived
1759,lived
1760,dead
1761,dead
1762,euthanized
1763,lived
1764,dead
1765,dead
1766,euthanized
1767,dead
1768,dead
1769,dead
1770,dead
1771,lived
1772,lived
1773,lived
1774,lived
1775,lived
1776,lived
1777,dead
1778,lived
1779,dead
1780,dead
1781,dead
1782,lived
1783,euthanized
1784,lived
1785,euthanized
1786,lived
1787,lived
1788,euthanized
1789,euthanized
1790,euthanized
1791,dead
1792,dead
1793,dead
1794,euthanized
1795,lived
1796,dead
1797,lived
1798,lived
1799,dead
1800,dead
1801,lived
1802,lived
1803,dead
1804,lived
1805,euthanized
1806,lived
1807,euthanized
1808,dead
1809,lived
1810,euthanized
1811,euthanized
1812,dead
1813,lived
1814,lived
1815,dead
1816,lived
1817,lived
1818,lived
1819,euthanized
1820,dead
1821,lived
1822,lived
1823,lived
1824,dead
1825,lived
1826,lived
1827,euthanized
1828,lived
1829,dead
1830,lived
1831,lived
1832,dead
1833,dead
1834,lived
1835,lived
1836,lived
1837,euthanized
1838,lived
1839,dead
1840,dead
1841,lived
1842,euthanized
1843,lived
1844,dead
1845,euthanized
1846,euthanized
1847,dead
1848,lived
1849,lived
1850,dead
1851,lived
1852,euthanized
1853,lived
1854,dead
1855,dead
1856,dead
1857,dead
1858,lived
1859,euthanized
1860,lived
1861,lived
1862,dead
1863,dead
1864,lived
1865,dead
1866,dead
1867,lived
1868,dead
1869,dead
1870,dead
1871,lived
1872,lived
1873,dead
1874,lived
1875,lived
1876,dead
1877,euthanized
1878,lived
1879,lived
1880,dead
1881,lived
1882,lived
1883,lived
1884,lived
1885,euthanized
1886,dead
1887,lived
1888,dead
1889,lived
1890,lived
1891,euthanized
1892,lived
1893,dead
1894,lived
1895,euthanized
1896,lived
1897,dead
1898,lived
1899,lived
1900,lived
1901,dead
1902,dead
1903,dead
1904,euthanized
1905,euthanized
1906,euthanized
1907,dead
1908,euthanized
1909,dead
1910,dead
1911,lived
1912,euthanized
1913,lived
1914,lived
1915,dead
1916,euthanized
1917,lived
1918,lived
1919,lived
1920,lived
1921,lived
1922,dead
1923,lived
1924,euthanized
1925,dead
1926,lived
1927,dead
1928,lived
1929,dead
1930,dead
1931,dead
1932,lived
1933,dead
1934,dead
1935,dead
1936,lived
1937,euthanized
1938,dead
1939,lived
1940,lived
1941,dead
1942,lived
1943,lived
1944,lived
1945,euthanized
1946,dead
1947,dead
1948,dead
1949,dead
1950,dead
1951,lived
1952,euthanized
1953,lived
1954,lived
1955,dead
1956,dead
1957,lived
1958,lived
1959,lived
1960,lived
1961,dead
1962,lived
1963,euthanized
1964,lived
1965,dead
1966,dead
1967,lived
1968,lived
1969,lived
1970,lived
1971,lived
1972,dead
1973,euthanized
1974,euthanized
1975,dead
1976,lived
1977,euthanized
1978,lived
1979,dead
1980,euthanized
1981,lived
1982,dead
1983,dead
1984,dead
1985,euthanized
1986,lived
1987,dead
1988,dead
1989,lived
1990,lived
1991,lived
1992,lived
1993,lived
1994,dead
1995,dead
1996,dead
1997,dead
1998,euthanized
1999,lived
2000,lived
2001,dead
2002,euthanized
2003,lived
2004,lived
2005,dead
2006,lived
2007,lived
2008,dead
2009,lived
2010,lived
2011,dead
2012,dead
2013,dead
2014,lived
2015,lived
2016,lived
2017,lived
2018,lived
2019,lived
2020,lived
2021,euthanized
2022,dead
2023,lived
2024,euthanized
2025,dead
2026,lived
2027,lived
2028,lived
2029,lived
2030,euthanized
2031,lived
2032,lived
2033,dead
2034,lived
2035,euthanized
2036,euthanized
2037,lived
2038,dead
2039,euthanized
2040,lived
2041,dead
2042,lived
2043,lived
2044,euthanized
2045,euthanized
2046,lived
2047,lived
2048,lived
2049,dead
2050,euthanized
2051,dead
2052,dead
2053,euthanized
2054,dead
2055,euthanized
2056,dead
2057,lived
2058,lived
