features,importance
WSPD(m/s),0.020177731
GST(m/s),0.021543002
DPD(sec),0.020799415
APD(sec),0.06233863
PRES(hPa),0.020045694
ATMP(degC),0.01857636
WTMP(degC),0.018295689
DEWP(degC),0.018176956
WDIR_sin,0.0
WDIR_cos,0.020315977
MWD_sin,0.0
MWD_cos,0.020651657
drastic_wind_change_sin,0.0
drastic_wind_change_cos,0.02165555
WSPD_Change,0.02624073
Gust_Change_Shift_0,0.023691338
Gust_Change_Shift_1,0.0
wave_length_APD,0.0
wave_speed_APD,0.0
wave_frequency_APD,0.0
celerity,0.0
wave_height_limit,0.0
wave_number,0.0
angular_frequency,0.0
DEWP_DIFF,0.01762322
PRES_DIFF,0.018167935
DPD_Diff,0.019975144
waveSPD/windSPD,0.019732717
waveL/windSPD,0.020853156
waveFreq/GST,0.024050293
waveSPD_change,0.02024596
waveLength_change,0.018606992
wave_height_limit/(wF/GST),0.49833015
APDFreq/DPDFreq,0.015743408
D_ftheta,0.014162313
